removecard CCard_SwapCurseMonster
removecard CCard_BonusHealthDrain

ungroup "Former Human"
monstergroup "Former Humans", ZombieMan, ShotgunGuy, ChaingunGuy, ZombiemanNew, KarasawaGuy, RepeaterZombie, PlasmaGuy, RocketLauncherGuy, ShotgunGuyNew, SuperShotgunGuy, FemaleRailZombie, ChaingunGuyNew, Minigunner, BFGGuy, SuicideBomber

ungroup "Imps"
monstergroup "Imps", DoomImp, DoomImpNew, DarkImp, STDarkImp, VoidDarkImp, NetherDarkImp

ungroup "Hell Nobles"
monstergroup "Hell Nobles", HellKnight, BaronOfHell, HellWarrior, HellKnightNew, BaronOfHellNew, Belphegor, BruiserDemon, Cybruiser, ArchonOfHell, PyroDemon, FlyingBalrog, FlyingBalrogDVDS, Hierophant

ungroup "Demon"
monstergroup "Demons", Demon, Spectre, DemonNew, SpectreNew, NightmareSpectre, BloodDemon, BloodSpectre, ChaingunDemon, ChaingunSpectre

ungroup "Viles"
monstergroup "Viles", Archvile, ArchvileNew, Diabloist

ungroup "Revs"
monstergroup "Revs", Revenant, RevenantNew, DeathIncarnate

ungroup "Cacos"
monstergroup "Cacos", Cacodemon, CacodemonNew, Cacolantern, Abaddon

ungroup "Arachnos"
monstergroup "Arachnos", Arachnotron, ArachnotronNew, RailArachnotron, FusionArachnotron, ArachnotronMK2

ungroup "Mancubi"
monstergroup "Mancubi", Fatso, MancubusNew, Hectebus, Daedabus

ungroup "Hades Scions"
monstergroup "Hades Scions", HadesSphere, HSOverlord, HadesElemental, HadesOverLord

ungroup "Souls"
monstergroup "Souls", LostSoul, LostSoulNew, LostSoulAnnoying, BetaLostSoul

